hand,first_win_day,first_win_situation,wins
6543s,2025-08-16,showdown,"[""4s6c3s5d"", ""5d3h4s6d""]"
7654s,2025-08-16,preflop,"[""6c5s7d4c"", ""4d6h7c5d""]"
8872s,2025-08-16,river,"[""7s8s2h8c""]"
A543s,2025-08-16,showdown,"[""Ad5s4c3d""]"
A662d,2025-08-16,showdown,"[""6c6d2dAc""]"
A765d,2025-08-16,showdown,"[""5dAc6c7d""]"
A876s,2025-08-16,preflop,"[""6cAd7h8d"", ""6d7hAs8s"", ""Ah7c8s6h"", ""Ac8c6s7h""]"
A885s,2025-08-16,river,"[""8cAh8h5d"", ""8d8c5sAs"", ""8dAs5h8s""]"
A972d,2025-08-16,preflop,"[""7d9sAs2d""]"
A993s,2025-08-16,turn,"[""9c3s9hAc""]"
A998d,2025-08-16,river,"[""Ah9d8d9h""]"
AA53r,2025-08-16,preflop,"[""5c3hAsAd""]"
AA54s,2025-08-16,flop,"[""Ac4sAd5d"", ""Ac4cAd5h"", ""4sAc5dAs""]"
AA63t,2025-08-16,preflop,"[""3cAd6cAc""]"
AA64r,2025-08-16,showdown,"[""AsAh4d6c"", ""Ad6hAs4c""]"
AA74r,2025-08-16,showdown,"[""As7d4hAc""]"
AA83s,2025-08-16,preflop,"[""3c8cAdAs"", ""AdAh8d3s""]"
AAK6s,2025-08-16,preflop,"[""AdAc6cKh""]"
AAKJs,2025-08-16,preflop,"[""AcKhAsJc""]"
AAQ3s,2025-08-16,flop,"[""3dQdAhAc""]"
AAQ4s,2025-08-16,showdown,"[""QhAhAc4s""]"
AAQ5s,2025-08-16,showdown,"[""QhAsAc5h"", ""QdAhAc5d""]"
AAQ6s,2025-08-16,showdown,"[""6cAsAcQd""]"
AAQ8s,2025-08-16,showdown,"[""Ah8cAcQd"", ""8cAdQcAh""]"
AAT3d,2025-08-16,showdown,"[""TsAsAd3d""]"
AAT8s,2025-08-16,turn,"[""8cAsAdTs""]"
AJ43s,2025-08-16,preflop,"[""3sJd4hAs""]"
AJJ2s,2025-08-16,flop,"[""JcJdAd2s"", ""AhJsJc2h""]"
AJJTd,2025-08-16,turn,"[""TsJhAhJs""]"
AJT3t,2025-08-16,showdown,"[""TcJs3cAc"", ""TsJhAh3h""]"
AJT6s,2025-08-16,showdown,"[""JdAcTs6d"", ""AsTs6dJh"", ""JhTdAs6s""]"
AK32s,2025-08-16,river,"[""3hKc2dAh""]"
AK54d,2025-08-16,showdown,"[""KdAd4h5h""]"
AK54s,2025-08-16,showdown,"[""Ks5h4hAc"", ""4dAd5cKh""]"
AK87d,2025-08-16,turn,"[""Ac7h8cKh"", ""8sKsAh7h""]"
AK96t,2025-08-16,showdown,"[""Ks6c9cAc"", ""9hAhKh6s""]"
AK97s,2025-08-16,showdown,"[""Ac9c7hKd"", ""Kd9cAh7h"", ""Ah9cKs7h"", ""AcKc7h9d"", ""Ac9d7sKc""]"
AK99s,2025-08-16,turn,"[""AcKc9d9s"", ""9sKs9dAc""]"
AKJ5s,2025-08-16,flop,"[""Ad5hJdKs""]"
AKJ7s,2025-08-16,turn,"[""JdAhKs7h"", ""7dJsAcKs""]"
AKJ8s,2025-08-16,preflop,"[""AsJcKc8h"", ""Jh8sKhAc"", ""8dKsAhJh"", ""AcKcJh8s""]"
AKK5s,2025-08-16,showdown,"[""5dAhKsKd"", ""KdAs5hKh"", ""AdKhKc5c""]"
AKK7s,2025-08-16,showdown,"[""AhKh7sKd""]"
AKQ3t,2025-08-16,showdown,"[""Ac3cQcKd""]"
AKQ4s,2025-08-16,river,"[""4sQcAdKs"", ""Ad4dKcQs"", ""AdKcQh4c"", ""Ah4hKsQd""]"
AKQ5s,2025-08-16,showdown,"[""AdKcQc5s""]"
AKQ9s,2025-08-16,turn,"[""9hAsKdQh"", ""AcKhQh9s"", ""KdQcAd9s"", ""Ad9sQhKd""]"
AKQJs,2025-08-16,showdown,"[""AhJdKdQs"", ""QcKcAhJs""]"
AKQTs,2025-08-16,preflop,"[""AsThKdQs"", ""AsThQcKs"", ""AdKsTcQc""]"
AKT3s,2025-08-16,showdown,"[""3cKsTdAs"", ""3cKhAhTd""]"
AKT4t,2025-08-16,preflop,"[""TdKhAd4d""]"
AKT6d,2025-08-16,preflop,"[""6cKcTsAs""]"
AKT7d,2025-08-16,preflop,"[""Td7sAdKs"", ""AsThKs7h"", ""7hAsThKs""]"
AKT8d,2025-08-16,turn,"[""AdTsKs8d""]"
AQ64d,2025-08-16,preflop,"[""6h4dQhAd"", ""4d6hQdAh"", ""Ac4h6cQh""]"
AQ93s,2025-08-16,showdown,"[""QsAd9s3h""]"
AQJ2s,2025-08-16,flop,"[""QdJhAd2s""]"
AQJ5s,2025-08-16,preflop,"[""Ad5cJsQd"", ""QhAs5dJs""]"
AQJ5t,2025-08-16,showdown,"[""Js5dQsAs""]"
AQJJs,2025-08-16,showdown,"[""QcAcJdJs"", ""QcJhJdAh"", ""JhAsQhJc""]"
AQJTt,2025-08-16,flop,"[""QhAhJsTh""]"
AQQ5s,2025-08-16,river,"[""QhAs5cQc""]"
AQT4t,2025-08-16,showdown,"[""Tc4cQcAh"", ""4dQcAdTd""]"
AT52d,2025-08-16,showdown,"[""2hTc5hAc"", ""AhTh2d5d""]"
AT85s,2025-08-16,flop,"[""AsTc5h8s""]"
AT86s,2025-08-16,showdown,"[""6cAcTh8d"", ""Ad6dTs8h""]"
AT96d,2025-08-16,showdown,"[""6sTs9hAh""]"
J654d,2025-08-16,showdown,"[""4sJh5h6s""]"
J865d,2025-08-16,showdown,"[""Jd6d8c5c"", ""6d5h8hJd""]"
J933d,2025-08-16,preflop,"[""3h3s9sJh""]"
J954d,2025-08-16,preflop,"[""5d4hJd9h""]"
J974s,2025-08-16,showdown,"[""Jc9d7h4c""]"
J987d,2025-08-16,showdown,"[""Jd9s7s8d"", ""9hJd7h8d""]"
J994r,2025-08-16,river,"[""9cJs9d4h""]"
JJ65d,2025-08-16,flop,"[""Jh6c5hJc""]"
JT95d,2025-08-16,showdown,"[""ThJd9d5h"", ""9sJhTs5h"", ""ThJs9s5h""]"
JT96s,2025-08-16,preflop,"[""JhTd6s9h"", ""TsJd9c6d""]"
K765d,2025-08-16,showdown,"[""6c7d5cKd""]"
K862s,2025-08-16,turn,"[""8d2sKs6c""]"
K874d,2025-08-16,preflop,"[""4dKs8s7d""]"
K987s,2025-08-16,turn,"[""8d9hKs7s"", ""8dKh7d9c""]"
K998r,2025-08-16,showdown,"[""Kd9h9c8s""]"
KJ32d,2025-08-16,showdown,"[""Jh2c3hKc""]"
KJ98s,2025-08-16,flop,"[""Ks9c8sJh""]"
KK88s,2025-08-16,river,"[""Ks8s8hKc""]"
KK95s,2025-08-16,showdown,"[""Ks9hKd5s""]"
KKJJs,2025-08-16,flop,"[""KdJdJhKs""]"
KKQ7s,2025-08-16,showdown,"[""7sKdKhQd""]"
KKQ8s,2025-08-16,preflop,"[""8dKsQdKc""]"
KKT3s,2025-08-16,flop,"[""KdKh3hTs"", ""3dKcTdKs""]"
KKT5s,2025-08-16,showdown,"[""KdTcKh5h""]"
KQ77d,2025-08-16,flop,"[""7s7hQsKh""]"
KQJ6d,2025-08-16,preflop,"[""Js6hKhQs""]"
KQJ6s,2025-08-16,preflop,"[""JdQhKh6s""]"
KQQ6s,2025-08-16,showdown,"[""6hKsQhQd"", ""Ks6cQdQs"", ""6dQsKhQh""]"
KQQTs,2025-08-16,flop,"[""KcQsQdTd"", ""KsQhQsTd"", ""QdQsKcTd""]"
KQT7d,2025-08-16,turn,"[""Qd7dTsKs""]"
KQT9s,2025-08-16,flop,"[""TdKd9hQc""]"
KT82d,2025-08-16,preflop,"[""KcTc2h8h""]"
QJ96d,2025-08-16,turn,"[""QsJs6c9c""]"
QJ98d,2025-08-16,showdown,"[""QdJh8h9d""]"
QJT6s,2025-08-16,turn,"[""6hTsQhJd""]"
QQ33r,2025-08-16,showdown,"[""Qd3hQs3c""]"
QQ72d,2025-08-16,showdown,"[""7hQd2dQh""]"
QT63s,2025-08-16,showdown,"[""3cTh6hQd""]"
T854d,2025-08-16,showdown,"[""4c5cTh8h""]"
T976s,2025-08-16,showdown,"[""6s7h9hTc""]"
T983s,2025-08-16,river,"[""8s9d3sTh"", ""3hTc8c9s""]"
T985s,2025-08-16,turn,"[""8d5c9sTs"", ""Td5d8s9c""]"
TT54d,2025-08-16,showdown,"[""4cTc5sTs""]"
7643d,2025-08-17,showdown,"[""3h4s7h6s""]"
7643t,2025-08-17,preflop,"[""4h3h6s7h""]"
7765d,2025-08-17,flop,"[""5h7s7h6s"", ""6d5c7c7d""]"
8733s,2025-08-17,showdown,"[""8s7s3d3h""]"
8753t,2025-08-17,preflop,"[""7s3s8s5h""]"
8765t,2025-08-17,preflop,"[""8c7s5c6c"", ""5s7s8s6d""]"
8776d,2025-08-17,river,"[""8c6s7c7s""]"
8844s,2025-08-17,showdown,"[""4c8s4s8d""]"
8854d,2025-08-17,river,"[""5s8s8h4h""]"
8855s,2025-08-17,preflop,"[""5c8c5s8d""]"
9544s,2025-08-17,flop,"[""4s9h4h5c""]"
9643d,2025-08-17,showdown,"[""9s4s6d3d""]"
9774r,2025-08-17,river,"[""7d4h9c7s""]"
9775d,2025-08-17,showdown,"[""5c7s9s7c"", ""9s7s5h7h""]"
9776s,2025-08-17,turn,"[""7s7d9s6h""]"
9944s,2025-08-17,flop,"[""9d4h4c9c""]"
9985t,2025-08-17,showdown,"[""8s9d5s9s""]"
A853d,2025-08-17,showdown,"[""3d5dAc8c""]"
A874s,2025-08-17,preflop,"[""4c8sAh7h""]"
A886d,2025-08-17,showdown,"[""Ac8d6d8c""]"
A964d,2025-08-17,showdown,"[""6dAc9d4c"", ""4s9sAd6d""]"
A965s,2025-08-17,preflop,"[""Ac9s6c5d""]"
A986s,2025-08-17,preflop,"[""Ah8c9s6h""]"
A987d,2025-08-17,showdown,"[""7sAh9h8s""]"
AA33s,2025-08-17,turn,"[""Ah3c3sAc""]"
AA63s,2025-08-17,flop,"[""Ad6c3dAh""]"
AA65s,2025-08-17,showdown,"[""5hAs6cAc"", ""Ah6d5hAc"", ""Ah6hAs5d""]"
AA66d,2025-08-17,river,"[""As6s6hAh""]"
AA72t,2025-08-17,flop,"[""7sAdAs2s""]"
AA74d,2025-08-17,showdown,"[""As7sAh4h""]"
AA85s,2025-08-17,showdown,"[""8dAhAs5d"", ""AcAh5c8d""]"
AA93r,2025-08-17,showdown,"[""Ad3cAh9s""]"
AA96s,2025-08-17,river,"[""Ad9s6cAc"", ""6cAh9sAc""]"
AA98t,2025-08-17,preflop,"[""Ad9s8sAs"", ""As8hAh9h""]"
AAJ9r,2025-08-17,river,"[""Jd9hAcAs""]"
AAJJs,2025-08-17,showdown,"[""AsJdAhJs""]"
AAK2r,2025-08-17,showdown,"[""2hAdKsAc""]"
AAK6t,2025-08-17,showdown,"[""AdAh6hKh""]"
AAKQs,2025-08-17,showdown,"[""KdQcAdAh""]"
AAKTd,2025-08-17,river,"[""AhTdAdKh""]"
AAQ7d,2025-08-17,flop,"[""AcAd7cQd"", ""QcAcAh7h""]"
AAQ7r,2025-08-17,turn,"[""Ad7sQcAh"", ""7cAsQhAd""]"
AAQ9d,2025-08-17,preflop,"[""AsQsAh9h""]"
AAT2r,2025-08-17,flop,"[""AsAcTd2h""]"
AAT4s,2025-08-17,flop,"[""4sAhThAc"", ""AdAcTs4s""]"
AAT9t,2025-08-17,showdown,"[""9sAsAcTs""]"
AJ63d,2025-08-17,flop,"[""3sAhJh6s""]"
AJ76d,2025-08-17,showdown,"[""6sJs7dAd"", ""AhJd7h6d"", ""Ac7s6cJs""]"
AJ82d,2025-08-17,preflop,"[""Ah8hJc2c"", ""Js2cAs8c""]"
AJJ4t,2025-08-17,showdown,"[""4hJhJsAh""]"
AJJ8s,2025-08-17,turn,"[""JsAs8cJh""]"
AJJTs,2025-08-17,preflop,"[""JcJsAsTh""]"
AJT3d,2025-08-17,showdown,"[""JhTd3dAh""]"
AJT5d,2025-08-17,preflop,"[""JhTsAs5h""]"
AK44s,2025-08-17,preflop,"[""KsAs4c4d"", ""4dKc4sAs""]"
AK65s,2025-08-17,showdown,"[""AdKd5c6h""]"
AK73d,2025-08-17,turn,"[""7sKh3hAs""]"
AK75s,2025-08-17,river,"[""Ac7sKc5d""]"
AK76s,2025-08-17,showdown,"[""Ah6sKh7d""]"
AK77s,2025-08-17,preflop,"[""7sKd7hAd""]"
AK86s,2025-08-17,preflop,"[""6c8dAdKs""]"
AK98d,2025-08-17,showdown,"[""9cKsAs8c""]"
AKJ3s,2025-08-17,showdown,"[""3cKcAdJh""]"
AKJ6d,2025-08-17,preflop,"[""6cKdJdAc""]"
AKJ6s,2025-08-17,preflop,"[""KdAc6hJh"", ""6dJhAsKs""]"
AKK2t,2025-08-17,preflop,"[""Ac2cKcKs""]"
AKK3s,2025-08-17,showdown,"[""3cKhKcAs"", ""3cAhKsKc""]"
AKK6s,2025-08-17,flop,"[""6hKdKcAh""]"
AKK8s,2025-08-17,turn,"[""AcKh8sKs""]"
AKKQr,2025-08-17,preflop,"[""QsAcKdKh""]"
AKQ4t,2025-08-17,preflop,"[""4sKhAhQh""]"
AKQ6s,2025-08-17,flop,"[""QsAc6dKc"", ""QcAdKs6s""]"
AKQ6t,2025-08-17,preflop,"[""QcKc6dAc""]"
AKQ8t,2025-08-17,preflop,"[""KcQcAc8h""]"
AKQ9t,2025-08-17,preflop,"[""QcAc9hKc""]"
AKQQs,2025-08-17,showdown,"[""QsAsQcKh"", ""QdAcQsKc""]"
AKT3d,2025-08-17,flop,"[""AhTd3dKh""]"
AKT3t,2025-08-17,showdown,"[""KdAh3hTh""]"
AKT6s,2025-08-17,showdown,"[""Td6sKsAc"", ""AcKhTs6c""]"
AKT6t,2025-08-17,preflop,"[""KcAcTs6c"", ""AdThKh6h""]"
AQ75t,2025-08-17,preflop,"[""Ac7d5cQc""]"
AQ97s,2025-08-17,turn,"[""9d7sQcAs"", ""7h9dQsAs""]"
AQJ3d,2025-08-17,preflop,"[""3dQdJsAs"", ""QcJcAd3d"", ""Qc3dJcAd""]"
AQJ4d,2025-08-17,flop,"[""AhJc4cQh""]"
AQJTd,2025-08-17,preflop,"[""AhJhQcTc"", ""TcJdAcQd"", ""QhAcJcTh"", ""QsTcJsAc""]"
AQQ5t,2025-08-17,showdown,"[""Qc5cAcQd"", ""5hQhAhQc""]"
AQQ6s,2025-08-17,preflop,"[""6sQsQcAh""]"
AQQ7s,2025-08-17,turn,"[""QdAc7hQh""]"
AQQ9t,2025-08-17,turn,"[""QsAcQc9c""]"
AQT2s,2025-08-17,river,"[""AcQh2cTs"", ""TdQh2cAc""]"
AQT4d,2025-08-17,turn,"[""QcAh4cTh""]"
AQT5d,2025-08-17,turn,"[""TdQcAd5c"", ""5sQcAsTc""]"
AQT5s,2025-08-17,river,"[""ThQs5cAh"", ""TcAc5sQh""]"
AQT8d,2025-08-17,showdown,"[""AcTcQd8d""]"
AQT9s,2025-08-17,showdown,"[""9dTcQsAc""]"
AT43d,2025-08-17,river,"[""4c3cAhTh""]"
AT44s,2025-08-17,showdown,"[""4sAsTd4h""]"
AT53s,2025-08-17,turn,"[""Td5sAh3h""]"
AT63d,2025-08-17,preflop,"[""6c3cTdAd""]"
AT64s,2025-08-17,preflop,"[""4dAhTh6s""]"
AT65s,2025-08-17,river,"[""Ah5dTc6c""]"
AT72d,2025-08-17,showdown,"[""2dTcAc7d""]"
AT76d,2025-08-17,turn,"[""AdTd7h6h""]"
AT88s,2025-08-17,showdown,"[""8hAsTs8c""]"
AT94d,2025-08-17,preflop,"[""9hTh4cAc""]"
ATT2s,2025-08-17,preflop,"[""TdTc2hAh""]"
ATT5d,2025-08-17,showdown,"[""Ah5sThTs""]"
ATT5s,2025-08-17,showdown,"[""5cAcTsTh""]"
J443s,2025-08-17,preflop,"[""Js4d3h4h""]"
J554s,2025-08-17,turn,"[""Jd4c5c5h""]"
J854s,2025-08-17,preflop,"[""5dJs4d8h""]"
J876d,2025-08-17,showdown,"[""8c7cJh6h""]"
J943d,2025-08-17,showdown,"[""4sJd3s9d""]"
JT87s,2025-08-17,river,"[""8sJsTh7d"", ""8cJsTs7d"", ""8cTsJh7c"", ""7d8hJhTs""]"
JT95m,2025-08-17,river,"[""9h5hJhTh""]"
JT96d,2025-08-17,preflop,"[""6hTd9dJh""]"
JT97d,2025-08-17,preflop,"[""Th9h7sJs""]"
JT97s,2025-08-17,preflop,"[""Tc7hJh9s"", ""7sJcTc9d""]"
JT98t,2025-08-17,showdown,"[""JsTd9s8s"", ""Td9c8dJd""]"
JTT2s,2025-08-17,preflop,"[""TsJhTd2s""]"
K764s,2025-08-17,turn,"[""7s6d4sKh""]"
KJ77d,2025-08-17,flop,"[""7sJsKc7c""]"
KJ82t,2025-08-17,preflop,"[""8d2dKdJs""]"
KJ87s,2025-08-17,showdown,"[""Kd7hJd8s""]"
KJJTs,2025-08-17,showdown,"[""JdKdTcJs""]"
KJT9s,2025-08-17,river,"[""Jh9cTsKc"", ""9hTsKsJd""]"
KK33s,2025-08-17,preflop,"[""3cKhKs3s""]"
KK43d,2025-08-17,turn,"[""4s3hKsKh""]"
KK44s,2025-08-17,showdown,"[""Kc4d4sKs""]"
KK66d,2025-08-17,flop,"[""6sKdKs6d""]"
KK74s,2025-08-17,showdown,"[""Kh4c7sKs""]"
KK87t,2025-08-17,flop,"[""KsKc7s8s""]"
KKJ3s,2025-08-17,flop,"[""3sJsKcKh""]"
KKJ6s,2025-08-17,showdown,"[""KhJs6hKc""]"
KKJ7s,2025-08-17,showdown,"[""JcKdKh7d"", ""KhJd7cKd""]"
KKQ6s,2025-08-17,preflop,"[""Kh6cQdKd""]"
KKQ9s,2025-08-17,flop,"[""Qs9sKcKh"", ""9dQhKsKh""]"
KKQJs,2025-08-17,river,"[""JhKsQhKd""]"
KKQTs,2025-08-17,river,"[""KhKsThQc"", ""KcKdQhTc""]"
KQ43d,2025-08-17,showdown,"[""3c4hQcKh""]"
KQ74s,2025-08-17,preflop,"[""4sKsQh7d""]"
KQ75r,2025-08-17,turn,"[""Kh5dQs7c""]"
KQ76d,2025-08-17,showdown,"[""6hQsKs7h""]"
KQJ7d,2025-08-17,preflop,"[""KhQd7dJh""]"
KQJ9s,2025-08-17,showdown,"[""9sJcQdKs"", ""Jd9hKsQs""]"
KQJTs,2025-08-17,showdown,"[""KdThJdQs"", ""KsQdJsTh"", ""TdKdQsJc"", ""QdJcKdTh""]"
KQT5s,2025-08-17,preflop,"[""KcQsTd5c""]"
KQTTd,2025-08-17,turn,"[""KsThQhTs""]"
KQTTs,2025-08-17,river,"[""TsQcKdTc"", ""TcThQcKd""]"
KT73s,2025-08-17,turn,"[""3cTd7sKd""]"
KT75m,2025-08-17,showdown,"[""Th5h7hKh""]"
Q443r,2025-08-17,preflop,"[""4h3d4sQc""]"
Q822s,2025-08-17,preflop,"[""Qc8c2h2s""]"
Q975s,2025-08-17,showdown,"[""9c7hQh5d""]"
QJ42t,2025-08-17,showdown,"[""Jd2sQs4s""]"
QJ96s,2025-08-17,turn,"[""9s6hJcQh""]"
QJJ9d,2025-08-17,turn,"[""JsQsJc9c""]"
QJT7d,2025-08-17,showdown,"[""JhQhTd7d""]"
QJT9s,2025-08-17,turn,"[""Jc9hTsQc"", ""QcJc9hTs"", ""Js9cThQs"", ""TcJhQs9h""]"
QQ52d,2025-08-17,showdown,"[""2sQsQc5c""]"
QT64s,2025-08-17,preflop,"[""4hQd6sTd"", ""QcTh4d6h""]"
QT87d,2025-08-17,preflop,"[""7cTd8cQd""]"
T654s,2025-08-17,showdown,"[""6d5c4hTd""]"
T752s,2025-08-17,preflop,"[""2h7dTs5h""]"
T776d,2025-08-17,flop,"[""Th7s7h6s""]"
T954d,2025-08-17,showdown,"[""5sTc9s4c""]"
T976d,2025-08-17,preflop,"[""7c9cTs6s""]"
T995s,2025-08-17,river,"[""9dTh5h9c""]"
T998t,2025-08-17,preflop,"[""9sTs9h8s""]"
TT53s,2025-08-17,showdown,"[""TsTd3d5c""]"
9552s,2025-08-18,showdown,"[""5s2d5d9h""]"
9865s,2025-08-18,showdown,"[""9s8c6s5d""]"
A554d,2025-08-18,showdown,"[""5h4sAh5s""]"
A655s,2025-08-18,flop,"[""5c5dAs6s""]"
A975d,2025-08-18,showdown,"[""7s5dAs9d"", ""5hAh9s7s""]"
AA22s,2025-08-18,showdown,"[""2dAcAh2c"", ""Ad2sAs2h""]"
AA42s,2025-08-18,flop,"[""Ah4c2dAd"", ""2dAhAd4s""]"
AA43s,2025-08-18,turn,"[""4sAdAs3h"", ""Ad3h4hAc""]"
AA53s,2025-08-18,showdown,"[""Ah5dAc3h"", ""5cAhAd3h"", ""5dAs3sAh""]"
AA72s,2025-08-18,showdown,"[""AhAc7c2d"", ""As7hAd2h""]"
AA75t,2025-08-18,flop,"[""Ah5dAd7d"", ""7dAcAd5d""]"
AAK4d,2025-08-18,preflop,"[""AsAcKc4s""]"
AAK8s,2025-08-18,flop,"[""KhAc8cAd""]"
AAQ9s,2025-08-18,showdown,"[""QcAs9hAh"", ""Qs9sAdAc""]"
AJ94d,2025-08-18,showdown,"[""9hAhJs4s""]"
AK43d,2025-08-18,showdown,"[""Kh4d3hAd""]"
AK74t,2025-08-18,preflop,"[""4d7dAdKh""]"
AKJ5d,2025-08-18,preflop,"[""5dKdAsJs""]"
AKJ9s,2025-08-18,showdown,"[""KhAdJh9s"", ""JdKsAc9c"", ""Ad9cKcJs""]"
AKT5d,2025-08-18,preflop,"[""5cKhTcAh"", ""Th5dKdAh""]"
AKT5s,2025-08-18,flop,"[""5cAhThKs"", ""KsTdAs5c""]"
AKT7t,2025-08-18,showdown,"[""Th7sKsAs""]"
AKTTd,2025-08-18,showdown,"[""ThAhKsTs""]"
AQ82d,2025-08-18,preflop,"[""2hAcQc8h""]"
AQJ9s,2025-08-18,showdown,"[""JdQcAh9d"", ""9dJhQcAh""]"
AQQ9s,2025-08-18,flop,"[""Qc9sAsQd"", ""9sAhQhQd""]"
AQT3d,2025-08-18,showdown,"[""3sTsAhQh""]"
AT72t,2025-08-18,turn,"[""2hAh7dTh""]"
AT75d,2025-08-18,flop,"[""5hTh7sAs"", ""AcTc5d7d""]"
AT77s,2025-08-18,showdown,"[""7h7cTdAc""]"
ATT7s,2025-08-18,preflop,"[""7cTsTcAh""]"
J743t,2025-08-18,showdown,"[""3c7c4cJh""]"
J776d,2025-08-18,showdown,"[""7dJd7s6s""]"
JJT3d,2025-08-18,showdown,"[""JcJsTs3c""]"
JJT8s,2025-08-18,turn,"[""Jh8hTdJc""]"
JT72d,2025-08-18,showdown,"[""JcTd7d2c""]"
JTT9s,2025-08-18,turn,"[""ThTd9hJs""]"
K763d,2025-08-18,showdown,"[""3h6s7sKh""]"
K873s,2025-08-18,preflop,"[""7s8c3hKs""]"
KJJ8s,2025-08-18,river,"[""Ks8sJhJc""]"
KJT7t,2025-08-18,preflop,"[""Td7sKdJd""]"
KK66s,2025-08-18,showdown,"[""KhKc6h6d""]"
KQT2d,2025-08-18,flop,"[""Ts2sKcQc""]"
KQT3d,2025-08-18,showdown,"[""TcQhKh3c""]"
KQT8d,2025-08-18,showdown,"[""KcQc8dTd""]"
KT86d,2025-08-18,showdown,"[""Ts6c8sKc""]"
KT87d,2025-08-18,showdown,"[""Kc7dTc8d"", ""7dThKh8d""]"
KTT3d,2025-08-18,preflop,"[""ThTcKc3h""]"
QJ53d,2025-08-18,showdown,"[""3h5cQhJc""]"
QJ87s,2025-08-18,preflop,"[""7c8hJdQd""]"
QJT8s,2025-08-18,showdown,"[""8cQhTcJd"", ""Jh8dTcQd""]"
QQ75d,2025-08-18,preflop,"[""QsQh7h5s""]"
QQT6s,2025-08-18,showdown,"[""6cQdTsQs""]"
T432d,2025-08-18,flop,"[""2dTc4c3d""]"
T654d,2025-08-18,showdown,"[""4c5hTh6c""]"
T933s,2025-08-18,showdown,"[""9hTc3s3h""]"
6544d,2025-08-19,showdown,"[""4h4c6c5h"", ""5s4s4h6h"", ""6d4s5s4d""]"
7522s,2025-08-19,preflop,"[""2c2d5s7d""]"
9332d,2025-08-19,preflop,"[""2s9d3d3s""]"
A854t,2025-08-19,preflop,"[""Ad5d8d4h""]"
A873d,2025-08-19,showdown,"[""7d3sAd8s"", ""3h7sAs8h"", ""3d8h7dAh"", ""7d8dAh3h""]"
AA62s,2025-08-19,showdown,"[""Ac2h6hAs"", ""6sAh2dAs""]"
AA75d,2025-08-19,turn,"[""5hAhAs7s"", ""AhAc7h5c"", ""7cAh5hAc""]"
AA85t,2025-08-19,flop,"[""As8s5sAd""]"
AA87t,2025-08-19,showdown,"[""Ad8hAh7h""]"
AA99s,2025-08-19,showdown,"[""9cAcAd9s""]"
AAJ8s,2025-08-19,flop,"[""AhAs8hJd"", ""8dAhJhAc""]"
AAJTd,2025-08-19,preflop,"[""ThJcAcAh""]"
AAK4s,2025-08-19,turn,"[""AsKd4sAh"", ""4hAcKdAd"", ""KcAd4cAs""]"
AAT6t,2025-08-19,flop,"[""6sAcTsAs"", ""6dTdAdAs""]"
AJ43d,2025-08-19,river,"[""3s4dAdJs""]"
AJ64s,2025-08-19,preflop,"[""4cJs6dAs""]"
AJT7d,2025-08-19,showdown,"[""7dAhThJd""]"
AK92d,2025-08-19,preflop,"[""9dKsAd2s""]"
AKJ4s,2025-08-19,preflop,"[""JsKdAd4h""]"
AKK9s,2025-08-19,flop,"[""9cKsAhKh""]"
AKQ2s,2025-08-19,preflop,"[""2cKhQhAd""]"
AKQ7r,2025-08-19,showdown,"[""AcQh7dKs""]"
AQ63d,2025-08-19,preflop,"[""3hQc6hAc""]"
AQ75s,2025-08-19,showdown,"[""7h5cAsQs""]"
AQJ3t,2025-08-19,showdown,"[""AhJh3hQc"", ""QcAdJd3d""]"
AQJ7d,2025-08-19,showdown,"[""AsQd7sJd""]"
AQJ8s,2025-08-19,preflop,"[""JdAd8cQh"", ""Js8hQdAd""]"
AQJTs,2025-08-19,turn,"[""AsJdQhTs""]"
AQQTd,2025-08-19,showdown,"[""QhTcAhQc""]"
AT98d,2025-08-19,preflop,"[""8c9cThAh""]"
ATT9d,2025-08-19,showdown,"[""Td9dAsTs""]"
JJ82s,2025-08-19,river,"[""8sJs2dJh""]"
JJT2s,2025-08-19,preflop,"[""JdJsTd2c"", ""2sThJcJh""]"
K866d,2025-08-19,flop,"[""8s6sKh6h""]"
K942s,2025-08-19,preflop,"[""2hKs9s4d""]"
KJ43d,2025-08-19,preflop,"[""3s4cJsKc""]"
KJ87d,2025-08-19,preflop,"[""8h7dKhJd""]"
KK96d,2025-08-19,showdown,"[""Ks9h6sKh""]"
KKJ8d,2025-08-19,showdown,"[""8hKdJdKh""]"
KKQ4t,2025-08-19,preflop,"[""KsKdQd4d""]"
KQ65d,2025-08-19,preflop,"[""5hKhQs6s""]"
KQQ8s,2025-08-19,preflop,"[""8sQsQhKd""]"
KT88d,2025-08-19,turn,"[""8hTh8sKs""]"
KT98s,2025-08-19,showdown,"[""9h8dTsKs"", ""8cTdKs9d""]"
Q863t,2025-08-19,showdown,"[""3s6s8hQs""]"
Q994d,2025-08-19,showdown,"[""Qd9s4s9d""]"
QJ85s,2025-08-19,preflop,"[""Qc5h8cJd""]"
QJT6d,2025-08-19,preflop,"[""TcJcQh6h""]"
QQ66s,2025-08-19,turn,"[""6cQcQs6h""]"
QT76s,2025-08-19,showdown,"[""7c6hQhTs"", ""Tc6h7dQd""]"
QT95d,2025-08-19,flop,"[""9cQh5hTc""]"
QT96s,2025-08-19,preflop,"[""6sQcTd9c""]"
QT98d,2025-08-19,river,"[""Tc8h9hQc""]"
T874s,2025-08-19,showdown,"[""7h8h4sTd""]"
T994d,2025-08-19,river,"[""Th9c9h4c""]"
TT84s,2025-08-19,showdown,"[""8cTdTs4d"", ""Ts8h4cTh""]"
8654d,2025-08-20,showdown,"[""6c5d8d4c""]"
9762r,2025-08-20,showdown,"[""6h9s2d7c""]"
A822t,2025-08-20,preflop,"[""8h2h2cAh""]"
AK55d,2025-08-20,showdown,"[""Kd5d5sAs""]"
AK74d,2025-08-20,flop,"[""AdKd7s4s""]"
AQT6d,2025-08-20,showdown,"[""ThAcQh6c""]"
J764s,2025-08-20,flop,"[""6cJh4s7s""]"
J972s,2025-08-20,showdown,"[""2h9sJc7s""]"
K872s,2025-08-20,river,"[""8hKs2d7h""]"
K883r,2025-08-20,preflop,"[""8s3hKc8d""]"
KJT4t,2025-08-20,showdown,"[""Kd4dTdJc""]"
KK75r,2025-08-20,flop,"[""Ks7h5cKd""]"
KKT9s,2025-08-20,showdown,"[""KdTs9dKc""]"
KQ54t,2025-08-20,showdown,"[""4cQsKs5s""]"
KQQ9s,2025-08-20,flop,"[""9sQdQhKd""]"
KTT8d,2025-08-20,showdown,"[""TcTsKs8c""]"
QJ65s,2025-08-20,showdown,"[""6hQc5cJs""]"
T966t,2025-08-20,turn,"[""Td6d6s9d""]"
7653d,2025-08-21,turn,"[""7s6d5s3d""]"
8432r,2025-08-21,preflop,"[""8c3d2s4h""]"
9765t,2025-08-21,showdown,"[""7d6d9d5h""]"
9885d,2025-08-21,river,"[""8s5s8c9c""]"
9976s,2025-08-21,showdown,"[""9c6d7s9s""]"
A322s,2025-08-21,turn,"[""2s2d3sAc""]"
A554s,2025-08-21,preflop,"[""5sAh4h5c""]"
A655d,2025-08-21,river,"[""Ah5s6s5h""]"
A832s,2025-08-21,flop,"[""8s2d3hAs""]"
A843d,2025-08-21,preflop,"[""Ac4s8s3c""]"
A865s,2025-08-21,flop,"[""Ac5h8d6c""]"
A874d,2025-08-21,showdown,"[""4h7sAh8s""]"
A886s,2025-08-21,preflop,"[""8d8cAs6s""]"
AA52r,2025-08-21,showdown,"[""5sAcAh2d""]"
AA52t,2025-08-21,turn,"[""2s5sAcAs""]"
AA73s,2025-08-21,showdown,"[""7c3hAcAd""]"
AA74s,2025-08-21,showdown,"[""4hAc7hAs""]"
AA92s,2025-08-21,turn,"[""2c9hAsAh""]"
AA96t,2025-08-21,showdown,"[""AhAs6s9s""]"
AA99d,2025-08-21,flop,"[""9sAdAs9d""]"
AAJ9s,2025-08-21,showdown,"[""JdAcAs9c""]"
AAJTr,2025-08-21,preflop,"[""AcAdTsJh""]"
AAK2t,2025-08-21,preflop,"[""As2cKcAc""]"
AAK3s,2025-08-21,turn,"[""Ad3sAcKd""]"
AAQJs,2025-08-21,preflop,"[""AhQhJsAc""]"
AAQQs,2025-08-21,preflop,"[""AdAsQcQs""]"
AJ33s,2025-08-21,showdown,"[""3dJhAc3h""]"
AJ33t,2025-08-21,turn,"[""Ah3dJh3h""]"
AJ86s,2025-08-21,showdown,"[""JhAh8c6s""]"
AJT3s,2025-08-21,preflop,"[""3dAdTcJh""]"
AJT6t,2025-08-21,preflop,"[""Ts6cAcJc""]"
AJTTs,2025-08-21,turn,"[""ThJcAcTs""]"
AK64d,2025-08-21,flop,"[""As6s4dKd""]"
AK72d,2025-08-21,turn,"[""Kc2c7sAs""]"
AK82d,2025-08-21,turn,"[""2dKdAh8h"", ""Ah8hKc2c""]"
AK94d,2025-08-21,flop,"[""Kh4cAh9c""]"
AKJ9t,2025-08-21,turn,"[""Kc9sJcAc""]"
AKJTs,2025-08-21,flop,"[""JdKcAdTh""]"
AKQ4d,2025-08-21,preflop,"[""Kh4dAdQh""]"
AKQ9d,2025-08-21,flop,"[""QhAhKd9d""]"
AKTTt,2025-08-21,preflop,"[""TdKdAdTs""]"
AQ32d,2025-08-21,turn,"[""As2sQd3d"", ""3sQd2sAd""]"
AQ85s,2025-08-21,showdown,"[""Qd8dAh5s"", ""5dAd8sQh""]"
AQ86s,2025-08-21,showdown,"[""Qc6hAs8s""]"
AQ87s,2025-08-21,showdown,"[""Qd8c7sAd"", ""Qd7hAs8s""]"
AQ88s,2025-08-21,preflop,"[""8dQh8sAd""]"
AQ88t,2025-08-21,flop,"[""8cAc8sQc""]"
AQJ9d,2025-08-21,turn,"[""AsJd9dQs""]"
AQQ3r,2025-08-21,showdown,"[""AdQcQh3s""]"
AQT6s,2025-08-21,showdown,"[""6sAdQcTd"", ""QdTsAs6h""]"
AQT7s,2025-08-21,flop,"[""Qh7dTcAc""]"
AT76s,2025-08-21,river,"[""TcAs7h6s""]"
AT84s,2025-08-21,preflop,"[""Tc4c8dAs""]"
AT97d,2025-08-21,turn,"[""9c7hThAc""]"
ATT6s,2025-08-21,showdown,"[""TsTdAd6h""]"
ATT9t,2025-08-21,showdown,"[""TdAcTc9c""]"
J733d,2025-08-21,showdown,"[""3d7hJd3h""]"
J976d,2025-08-21,preflop,"[""Jc6d7c9d""]"
JJ63d,2025-08-21,showdown,"[""Jh3dJd6h""]"
JJTTs,2025-08-21,showdown,"[""JhThJcTd"", ""JdTsJcTc""]"
JT53t,2025-08-21,turn,"[""JhTh5h3d""]"
JT65d,2025-08-21,flop,"[""6cJs5cTs""]"
JT76s,2025-08-21,showdown,"[""7hJcTs6h"", ""Jc6d7hTc""]"
JT86s,2025-08-21,turn,"[""TsJs8d6c""]"
K876d,2025-08-21,showdown,"[""6c8s7cKs""]"
KJ53d,2025-08-21,showdown,"[""Kh5dJh3d""]"
KJ54d,2025-08-21,preflop,"[""4sKh5hJs""]"
KJ98d,2025-08-21,showdown,"[""9dJs8sKd""]"
KJT4s,2025-08-21,showdown,"[""4hKhJsTd"", ""ThJsKh4c""]"
KJT7d,2025-08-21,showdown,"[""KdTcJd7c""]"
KK22s,2025-08-21,flop,"[""KsKc2s2h"", ""2h2sKhKd""]"
KK52d,2025-08-21,showdown,"[""2sKsKh5h""]"
KK54s,2025-08-21,showdown,"[""Ks5sKd4c""]"
KK75t,2025-08-21,turn,"[""7c5cKdKc"", ""KsKh7s5s""]"
KK85t,2025-08-21,turn,"[""KcKs8c5c""]"
KK97t,2025-08-21,flop,"[""7hKhKd9h""]"
KKJ3d,2025-08-21,showdown,"[""3cJsKsKc""]"
KKJ9s,2025-08-21,showdown,"[""KdJcKh9c""]"
KKQ3d,2025-08-21,preflop,"[""KhKc3cQh""]"
KKQ5s,2025-08-21,flop,"[""5dKdQcKh""]"
KKQTd,2025-08-21,showdown,"[""KcQsKsTc""]"
KQ83s,2025-08-21,preflop,"[""8hKdQd3s""]"
KQ95d,2025-08-21,preflop,"[""KsQh5s9h""]"
KQ96d,2025-08-21,showdown,"[""6cKc9dQd""]"
KQ97s,2025-08-21,preflop,"[""7dKd9hQs""]"
KQ98d,2025-08-21,turn,"[""Qh9h8dKd""]"
KQJJs,2025-08-21,river,"[""JsJhQcKs""]"
KQT6d,2025-08-21,showdown,"[""Kd6hQhTd"", ""Qd6cTcKd""]"
KT43s,2025-08-21,preflop,"[""4s3cThKs""]"
KT54r,2025-08-21,showdown,"[""KsTc5d4h""]"
KT66r,2025-08-21,showdown,"[""Kd6sTc6h""]"
KT99s,2025-08-21,showdown,"[""9cKs9dTs""]"
Q855s,2025-08-21,showdown,"[""5cQh5d8d""]"
QJ52s,2025-08-21,showdown,"[""5sQh2sJc""]"
QJ86d,2025-08-21,showdown,"[""6dQh8hJd""]"
QJJ3d,2025-08-21,showdown,"[""QdJh3hJd""]"
QQJ9s,2025-08-21,showdown,"[""QdQh9dJc"", ""Jd9sQhQd""]"
QT64d,2025-08-21,river,"[""4cTh6cQh""]"
QT83s,2025-08-21,preflop,"[""Ts3dQh8d""]"
QT98s,2025-08-21,preflop,"[""9hQsTc8s""]"
T984d,2025-08-21,showdown,"[""8h4hTc9c""]"
T998r,2025-08-21,river,"[""9d8c9hTs""]"
TT99s,2025-08-21,river,"[""9h9sTcTh""]"
7755s,2025-08-22,turn,"[""7h5s5d7s""]"
8443d,2025-08-22,preflop,"[""8h4h3s4s""]"
8754d,2025-08-22,showdown,"[""5d8d4c7c""]"
A654s,2025-08-22,preflop,"[""6c5s4dAc""]"
A976s,2025-08-22,showdown,"[""9s6d7cAs""]"
A977s,2025-08-22,showdown,"[""Ad9c7d7s""]"
AA64t,2025-08-22,river,"[""AsAh4h6h""]"
AA75s,2025-08-22,preflop,"[""AhAd5h7c""]"
AA93t,2025-08-22,showdown,"[""AcAh3c9c""]"
AAJ8t,2025-08-22,showdown,"[""8hAhAsJh""]"
AAJTs,2025-08-22,flop,"[""AdAcTcJh""]"
AAK5d,2025-08-22,preflop,"[""Ac5cKsAs""]"
AAK9s,2025-08-22,showdown,"[""AdKsAc9c""]"
AAQ9t,2025-08-22,river,"[""AhAdQd9d""]"
AAT3s,2025-08-22,flop,"[""TdAs3cAd"", ""AsAc3hTc""]"
AAT8r,2025-08-22,river,"[""Ac8sAdTh""]"
AJ84d,2025-08-22,showdown,"[""Jc8cAs4s""]"
AJJ8d,2025-08-22,flop,"[""Jc8cJhAh""]"
AJT7s,2025-08-22,showdown,"[""7sAhJhTd""]"
AJT8s,2025-08-22,showdown,"[""AsJhTs8d""]"
AK42d,2025-08-22,showdown,"[""KcAs2c4s""]"
AK52d,2025-08-22,showdown,"[""5c2hAcKh""]"
AK63s,2025-08-22,preflop,"[""Kc3h6sAc""]"
AK95s,2025-08-22,preflop,"[""5s9cKdAc""]"
AK95t,2025-08-22,showdown,"[""5cKc9sAc""]"
AK96s,2025-08-22,turn,"[""9h6cKcAd"", ""6c9dAhKd""]"
AK98s,2025-08-22,turn,"[""Ad9sKh8d""]"
AK98t,2025-08-22,turn,"[""8s9cKsAs""]"
AKJ4t,2025-08-22,preflop,"[""4cKsAsJs""]"
AKJ6r,2025-08-22,preflop,"[""6dAsKcJh""]"
AKK9d,2025-08-22,showdown,"[""Kd9dKhAh"", ""Ad9hKdKh""]"
AKKTt,2025-08-22,showdown,"[""AsKhTsKs""]"
AKQ5t,2025-08-22,preflop,"[""Kc5sQsAs""]"
AKQ6d,2025-08-22,flop,"[""QcKdAc6d""]"
AKQ7t,2025-08-22,turn,"[""7dAcQcKc"", ""7dQsAdKd""]"
AKQTt,2025-08-22,preflop,"[""QcAcKdTc""]"
AKT7s,2025-08-22,preflop,"[""Ad7cThKd"", ""Td7hKcAc""]"
AKT8s,2025-08-22,showdown,"[""AcKs8hTh""]"
AKT9s,2025-08-22,preflop,"[""9cKdTcAh""]"
AKTTs,2025-08-22,flop,"[""ThKcAcTd"", ""TdAhKcTc""]"
AQ44s,2025-08-22,showdown,"[""Qh4hAc4d""]"
AQ87d,2025-08-22,showdown,"[""AsQd8s7d""]"
AQ98s,2025-08-22,flop,"[""Ad8cQd9h"", ""Ac9cQs8h""]"
AQ98t,2025-08-22,preflop,"[""8hQd9hAh""]"
AQJ3s,2025-08-22,preflop,"[""AhQcJd3c"", ""Qh3cJsAs"", ""JdAcQc3h""]"
AQJ8d,2025-08-22,showdown,"[""Jc8dQcAd""]"
AQJ9t,2025-08-22,turn,"[""9cQsAcJc""]"
AQQ3s,2025-08-22,flop,"[""Qh3hQsAd""]"
AQT2d,2025-08-22,preflop,"[""Ah2dQdTh""]"
AQTTt,2025-08-22,showdown,"[""ThTsQsAs""]"
AT95d,2025-08-22,showdown,"[""Th5cAh9c""]"
AT98t,2025-08-22,showdown,"[""As8s9hTs""]"
J852s,2025-08-22,preflop,"[""2h5s8dJh""]"
J852t,2025-08-22,turn,"[""Jh8c5c2c""]"
JJ44s,2025-08-22,showdown,"[""Jc4sJh4h""]"
JJT8d,2025-08-22,showdown,"[""8sJhJsTh""]"
JT76d,2025-08-22,flop,"[""JdTh6d7h""]"
JT93t,2025-08-22,showdown,"[""JhTc3h9h""]"
K766d,2025-08-22,preflop,"[""Kc6d7d6c""]"
K875s,2025-08-22,showdown,"[""8s7h5hKc""]"
KJ43t,2025-08-22,showdown,"[""Kh4h3sJh""]"
KJ63s,2025-08-22,showdown,"[""JhKc3d6h""]"
KJ88d,2025-08-22,preflop,"[""Kc8s8cJs""]"
KJ94d,2025-08-22,flop,"[""4h9cJhKc""]"
KJJ7d,2025-08-22,turn,"[""Kh7cJcJh""]"
KJT9d,2025-08-22,showdown,"[""Ts9cKcJs""]"
KK77s,2025-08-22,river,"[""7h7sKdKh""]"
KK93s,2025-08-22,preflop,"[""Kd3hKs9s""]"
KK93t,2025-08-22,showdown,"[""Kc9h3hKh""]"
KK96s,2025-08-22,turn,"[""Kh6hKc9s""]"
KK98s,2025-08-22,river,"[""8c9dKcKs"", ""Ks9dKd8h""]"
KKJ5s,2025-08-22,turn,"[""5cKsKhJs""]"
KKJ7d,2025-08-22,showdown,"[""7hKsKhJs""]"
KKT2s,2025-08-22,showdown,"[""KhTc2dKd""]"
KQ43r,2025-08-22,showdown,"[""4dQs3hKc""]"
KQ62s,2025-08-22,showdown,"[""QdKc6d2h""]"
KQ64d,2025-08-22,showdown,"[""QhKd6d4h""]"
KQ87d,2025-08-22,preflop,"[""7sKh8sQh""]"
KQ97r,2025-08-22,preflop,"[""7d9cQhKs""]"
KQJ9d,2025-08-22,flop,"[""Jh9hKsQs""]"
KQJTt,2025-08-22,showdown,"[""QhJdKdTd""]"
KT65d,2025-08-22,river,"[""6cTh5hKc""]"
KT75d,2025-08-22,showdown,"[""KsTs7d5d""]"
Q542s,2025-08-22,showdown,"[""2d5dQh4c""]"
QJT3d,2025-08-22,turn,"[""JhQh3cTc""]"
QJTTd,2025-08-22,flop,"[""JcTdTcQd""]"
QJTTs,2025-08-22,flop,"[""ThTdQsJh""]"
QQJJs,2025-08-22,showdown,"[""JcJhQcQd""]"
QT54d,2025-08-22,showdown,"[""4cThQh5c""]"
T765d,2025-08-22,showdown,"[""6d7hTd5h""]"
T876d,2025-08-22,showdown,"[""7h8d6hTd""]"
T886s,2025-08-22,showdown,"[""Td8s8h6d""]"
T964s,2025-08-22,river,"[""6d4s9sTh""]"
TT44s,2025-08-22,showdown,"[""TsTc4c4d"", ""4dThTd4s""]"
TT76s,2025-08-22,river,"[""7sTs6hTc""]"
7444r,2025-08-23,river,"[""7c4d4h4s""]"
8866s,2025-08-23,preflop,"[""6c6h8s8c""]"
8876s,2025-08-23,showdown,"[""8h7h8s6c""]"
9874d,2025-08-23,preflop,"[""4h7h9d8d""]"
A543d,2025-08-23,flop,"[""Ad4h5d3h""]"
A643d,2025-08-23,turn,"[""As3h6h4s""]"
A643s,2025-08-23,showdown,"[""6d4hAc3d""]"
A753s,2025-08-23,preflop,"[""Ah3s5d7h""]"
AA32t,2025-08-23,showdown,"[""3dAd2dAs""]"
AA72d,2025-08-23,showdown,"[""2sAd7dAs""]"
AA73t,2025-08-23,showdown,"[""AsAh7h3h""]"
AAJ4s,2025-08-23,showdown,"[""AhAcJd4d""]"
AAJ5d,2025-08-23,showdown,"[""AdJd5hAh""]"
AAK9t,2025-08-23,preflop,"[""9dAdAcKd""]"
AAQ7s,2025-08-23,turn,"[""Qd7hAcAd""]"
AAT3r,2025-08-23,showdown,"[""AhAs3dTc""]"
AAT6r,2025-08-23,showdown,"[""6hAcAsTd""]"
AAT7s,2025-08-23,preflop,"[""TsAh7dAd""]"
AAT9r,2025-08-23,showdown,"[""AhAdTc9s""]"
AJ92s,2025-08-23,river,"[""Ah2hJc9d""]"
AJJ4d,2025-08-23,showdown,"[""Jc4dAcJd""]"
AJJ6d,2025-08-23,showdown,"[""Jc6cJhAh""]"
AJT5s,2025-08-23,showdown,"[""5dJhTcAd""]"
AKK3t,2025-08-23,showdown,"[""3cAcKcKd""]"
AKK7t,2025-08-23,preflop,"[""AsKc7sKs""]"
AKK9t,2025-08-23,showdown,"[""Kh9dKdAd""]"
AKQ7d,2025-08-23,showdown,"[""KsAc7sQc""]"
AKQQd,2025-08-23,showdown,"[""QcAcQdKd""]"
AKQTd,2025-08-23,flop,"[""AdKdQcTc""]"
AQ76t,2025-08-23,showdown,"[""7s6dAdQd""]"
AQJ4t,2025-08-23,turn,"[""4cJcAcQd""]"
AQJ8t,2025-08-23,preflop,"[""8sJsAsQh""]"
AQQ8r,2025-08-23,river,"[""AcQd8hQs""]"
AQT8s,2025-08-23,showdown,"[""QcTs8dAc""]"
AT98s,2025-08-23,showdown,"[""Ts9d8cAc""]"
ATT3s,2025-08-23,showdown,"[""Ts3cTdAd""]"
J544t,2025-08-23,showdown,"[""4c4sJc5c""]"
J863s,2025-08-23,showdown,"[""3s8cJc6d""]"
J986d,2025-08-23,turn,"[""9hJh6c8c""]"
JJ66s,2025-08-23,showdown,"[""6sJs6hJd""]"
JJ94s,2025-08-23,showdown,"[""9d4hJdJs""]"
JJ99s,2025-08-23,showdown,"[""9c9sJsJd"", ""JdJc9c9s""]"
JT72s,2025-08-23,showdown,"[""JcTh7d2d""]"
K644s,2025-08-23,showdown,"[""4s4d6dKh""]"
KJT5d,2025-08-23,turn,"[""JcKs5sTc""]"
KJT5s,2025-08-23,showdown,"[""JdKs5sTc""]"
KJT8d,2025-08-23,turn,"[""8sKhJsTh""]"
KK65d,2025-08-23,showdown,"[""Kd6cKc5d""]"
KK73s,2025-08-23,preflop,"[""Kh3sKc7h""]"
KK97s,2025-08-23,river,"[""7sKdKs9h""]"
KKQ3s,2025-08-23,turn,"[""Kd3sKhQh""]"
KKQJd,2025-08-23,turn,"[""KhKdQhJd""]"
KKT3d,2025-08-23,showdown,"[""KcTc3sKs""]"
KKT8r,2025-08-23,preflop,"[""Ts8dKhKc""]"
KKTTd,2025-08-23,showdown,"[""ThTsKhKs""]"
KQ54d,2025-08-23,flop,"[""4dKcQc5d"", ""Ks5sQc4c""]"
KQ63d,2025-08-23,showdown,"[""Kh3sQh6s""]"
KQ98s,2025-08-23,showdown,"[""Qc8h9dKd""]"
KQJ3s,2025-08-23,showdown,"[""Jc3hQsKc""]"
KQQ3d,2025-08-23,preflop,"[""3hKsQsQh""]"
KT74d,2025-08-23,river,"[""7sKs4hTh""]"
KT92d,2025-08-23,preflop,"[""Th2h9sKs""]"
KT96d,2025-08-23,river,"[""6sKs9hTh""]"
KTT2r,2025-08-23,showdown,"[""TsTd2hKc""]"
Q752s,2025-08-23,preflop,"[""2c5c7sQd""]"
Q754d,2025-08-23,preflop,"[""5cQc7h4h""]"
Q963t,2025-08-23,showdown,"[""9s6sQs3d""]"
QJ43s,2025-08-23,river,"[""Qs4d3hJs""]"
QJ76r,2025-08-23,preflop,"[""Jd7sQc6h""]"
QJ97d,2025-08-23,flop,"[""Js7dQs9d""]"
QJ98s,2025-08-23,showdown,"[""Js8cQd9s"", ""8sJd9dQh"", ""8hQd9dJs""]"
QJT2t,2025-08-23,showdown,"[""ThJd2hQh""]"
QQ44d,2025-08-23,showdown,"[""QdQs4s4d""]"
QQ75t,2025-08-23,preflop,"[""5hQsQh7h""]"
QQ98s,2025-08-23,showdown,"[""Qc8cQs9h""]"
QQJ7d,2025-08-23,preflop,"[""7dQhJhQd""]"
QQJ8s,2025-08-23,showdown,"[""Qd8cJcQs""]"
QT96d,2025-08-23,preflop,"[""9d6dTsQs""]"
QT97t,2025-08-23,preflop,"[""Td7cQc9c""]"
QTT2s,2025-08-23,preflop,"[""TdQsTs2h""]"
T772s,2025-08-23,preflop,"[""7s2cTc7d""]"
T873d,2025-08-23,showdown,"[""3s7hTs8h""]"
T982d,2025-08-23,flop,"[""Th2c9h8c""]"
T992s,2025-08-23,preflop,"[""9c2s9dTs""]"
TT43d,2025-08-23,river,"[""Ts4h3sTh""]"
TT95d,2025-08-23,showdown,"[""9dTc5cTd""]"
TT99d,2025-08-23,turn,"[""Td9cTc9d""]"
